Country Name,Country Code,Series Name,Series Code,2012 [YR2012]
Afghanistan,AFG,"GDP per capita, PPP (constant 2011 international $)",NY.GDP.PCAP.PP.KD,1893.07568149927
Afghanistan,AFG,"Primary completion rate, total (% of relevant age group)",SE.PRM.CMPT.ZS,..
Afghanistan,AFG,Urban population (% of total),SP.URB.TOTL.IN.ZS,25.468
Albania,ALB,"GDP per capita, PPP (constant 2011 international $)",NY.GDP.PCAP.PP.KD,10157.1638455842
Albania,ALB,"Primary completion rate, total (% of relevant age group)",SE.PRM.CMPT.ZS,..
Albania,ALB,Urban population (% of total),SP.URB.TOTL.IN.ZS,54.33
Algeria,DZA,"GDP per capita, PPP (constant 2011 international $)",NY.GDP.PCAP.PP.KD,12778.5466656296
Algeria,DZA,"Primary completion rate, total (% of relevant age group)",SE.PRM.CMPT.ZS,100.23518
Algeria,DZA,Urban population (% of total),SP.URB.TOTL.IN.ZS,68.87
American Samoa,ASM,"GDP per capita, PPP (constant 2011 international $)",NY.GDP.PCAP.PP.KD,..
American Samoa,ASM,"Primary completion rate, total (% of relevant age group)",SE.PRM.CMPT.ZS,..
American Samoa,ASM,Urban population (% of total),SP.URB.TOTL.IN.ZS,87.413
Andorra,ADO,"GDP per capita, PPP (constant 2011 international $)",NY.GDP.PCAP.PP.KD,..
Andorra,ADO,"Primary completion rate, total (% of relevant age group)",SE.PRM.CMPT.ZS,..
Andorra,ADO,Urban population (% of total),SP.URB.TOTL.IN.ZS,86.708
Angola,AGO,"GDP per capita, PPP (constant 2011 international $)",NY.GDP.PCAP.PP.KD,7230.49654733803
Angola,AGO,"Primary completion rate, total (% of relevant age group)",SE.PRM.CMPT.ZS,..
Angola,AGO,Urban population (% of total),SP.URB.TOTL.IN.ZS,41.699
Antigua and Barbuda,ATG,"GDP per capita, PPP (constant 2011 international $)",NY.GDP.PCAP.PP.KD,20577.292106724
Antigua and Barbuda,ATG,"Primary completion rate, total (% of relevant age group)",SE.PRM.CMPT.ZS,..
Antigua and Barbuda,ATG,Urban population (% of total),SP.URB.TOTL.IN.ZS,25.135
Argentina,ARG,"GDP per capita, PPP (constant 2011 international $)",NY.GDP.PCAP.PP.KD,..
Argentina,ARG,"Primary completion rate, total (% of relevant age group)",SE.PRM.CMPT.ZS,..
Argentina,ARG,Urban population (% of total),SP.URB.TOTL.IN.ZS,91.295
Armenia,ARM,"GDP per capita, PPP (constant 2011 international $)",NY.GDP.PCAP.PP.KD,7290.6390715562
Armenia,ARM,"Primary completion rate, total (% of relevant age group)",SE.PRM.CMPT.ZS,..
Armenia,ARM,Urban population (% of total),SP.URB.TOTL.IN.ZS,63.161
Aruba,ABW,"GDP per capita, PPP (constant 2011 international $)",NY.GDP.PCAP.PP.KD,..
Aruba,ABW,"Primary completion rate, total (% of relevant age group)",SE.PRM.CMPT.ZS,..
Aruba,ABW,Urban population (% of total),SP.URB.TOTL.IN.ZS,42.364
Australia,AUS,"GDP per capita, PPP (constant 2011 international $)",NY.GDP.PCAP.PP.KD,42529.8700472812
Australia,AUS,"Primary completion rate, total (% of relevant age group)",SE.PRM.CMPT.ZS,..
Australia,AUS,Urban population (% of total),SP.URB.TOTL.IN.ZS,89.015
Austria,AUT,"GDP per capita, PPP (constant 2011 international $)",NY.GDP.PCAP.PP.KD,44504.850844977
Austria,AUT,"Primary completion rate, total (% of relevant age group)",SE.PRM.CMPT.ZS,97.18944
Austria,AUT,Urban population (% of total),SP.URB.TOTL.IN.ZS,65.864
Azerbaijan,AZE,"GDP per capita, PPP (constant 2011 international $)",NY.GDP.PCAP.PP.KD,15888.2179950886
Azerbaijan,AZE,"Primary completion rate, total (% of relevant age group)",SE.PRM.CMPT.ZS,91.98033
Azerbaijan,AZE,Urban population (% of total),SP.URB.TOTL.IN.ZS,53.856
"Bahamas, The",BHS,"GDP per capita, PPP (constant 2011 international $)",NY.GDP.PCAP.PP.KD,22694.2794564162
"Bahamas, The",BHS,"Primary completion rate, total (% of relevant age group)",SE.PRM.CMPT.ZS,..
"Bahamas, The",BHS,Urban population (% of total),SP.URB.TOTL.IN.ZS,82.667
Bahrain,BHR,"GDP per capita, PPP (constant 2011 international $)",NY.GDP.PCAP.PP.KD,40657.7977272442
Bahrain,BHR,"Primary completion rate, total (% of relevant age group)",SE.PRM.CMPT.ZS,..
Bahrain,BHR,Urban population (% of total),SP.URB.TOTL.IN.ZS,88.619
Bangladesh,BGD,"GDP per capita, PPP (constant 2011 international $)",NY.GDP.PCAP.PP.KD,2724.63777161934
Bangladesh,BGD,"Primary completion rate, total (% of relevant age group)",SE.PRM.CMPT.ZS,..
Bangladesh,BGD,Urban population (% of total),SP.URB.TOTL.IN.ZS,31.99
Barbados,BRB,"GDP per capita, PPP (constant 2011 international $)",NY.GDP.PCAP.PP.KD,15298.7155167979
Barbados,BRB,"Primary completion rate, total (% of relevant age group)",SE.PRM.CMPT.ZS,..
Barbados,BRB,Urban population (% of total),SP.URB.TOTL.IN.ZS,31.769
Belarus,BLR,"GDP per capita, PPP (constant 2011 international $)",NY.GDP.PCAP.PP.KD,16906.9218948791
Belarus,BLR,"Primary completion rate, total (% of relevant age group)",SE.PRM.CMPT.ZS,103.27497
Belarus,BLR,Urban population (% of total),SP.URB.TOTL.IN.ZS,75.467
Belgium,BEL,"GDP per capita, PPP (constant 2011 international $)",NY.GDP.PCAP.PP.KD,40739.3792746532
Belgium,BEL,"Primary completion rate, total (% of relevant age group)",SE.PRM.CMPT.ZS,89.96686
Belgium,BEL,Urban population (% of total),SP.URB.TOTL.IN.ZS,97.732
Belize,BLZ,"GDP per capita, PPP (constant 2011 international $)",NY.GDP.PCAP.PP.KD,8286.95915928284
Belize,BLZ,"Primary completion rate, total (% of relevant age group)",SE.PRM.CMPT.ZS,116.0609
Belize,BLZ,Urban population (% of total),SP.URB.TOTL.IN.ZS,44.496
Benin,BEN,"GDP per capita, PPP (constant 2011 international $)",NY.GDP.PCAP.PP.KD,1685.29742882893
Benin,BEN,"Primary completion rate, total (% of relevant age group)",SE.PRM.CMPT.ZS,70.5206
Benin,BEN,Urban population (% of total),SP.URB.TOTL.IN.ZS,42.667
Bermuda,BMU,"GDP per capita, PPP (constant 2011 international $)",NY.GDP.PCAP.PP.KD,52118.6402276982
Bermuda,BMU,"Primary completion rate, total (% of relevant age group)",SE.PRM.CMPT.ZS,..
Bermuda,BMU,Urban population (% of total),SP.URB.TOTL.IN.ZS,100
Bhutan,BTN,"GDP per capita, PPP (constant 2011 international $)",NY.GDP.PCAP.PP.KD,7138.40537809518
Bhutan,BTN,"Primary completion rate, total (% of relevant age group)",SE.PRM.CMPT.ZS,101.25904
Bhutan,BTN,Urban population (% of total),SP.URB.TOTL.IN.ZS,36.368
Bolivia,BOL,"GDP per capita, PPP (constant 2011 international $)",NY.GDP.PCAP.PP.KD,5650.43075021165
Bolivia,BOL,"Primary completion rate, total (% of relevant age group)",SE.PRM.CMPT.ZS,..
Bolivia,BOL,Urban population (% of total),SP.URB.TOTL.IN.ZS,67.279
Bosnia and Herzegovina,BIH,"GDP per capita, PPP (constant 2011 international $)",NY.GDP.PCAP.PP.KD,9149.16557668276
Bosnia and Herzegovina,BIH,"Primary completion rate, total (% of relevant age group)",SE.PRM.CMPT.ZS,..
Bosnia and Herzegovina,BIH,Urban population (% of total),SP.URB.TOTL.IN.ZS,39.378
Botswana,BWA,"GDP per capita, PPP (constant 2011 international $)",NY.GDP.PCAP.PP.KD,14531.006265535
Botswana,BWA,"Primary completion rate, total (% of relevant age group)",SE.PRM.CMPT.ZS,..
Botswana,BWA,Urban population (% of total),SP.URB.TOTL.IN.ZS,56.699
Brazil,BRA,"GDP per capita, PPP (constant 2011 international $)",NY.GDP.PCAP.PP.KD,14323.1358759394
Brazil,BRA,"Primary completion rate, total (% of relevant age group)",SE.PRM.CMPT.ZS,..
Brazil,BRA,Urban population (% of total),SP.URB.TOTL.IN.ZS,84.901
Brunei Darussalam,BRN,"GDP per capita, PPP (constant 2011 international $)",NY.GDP.PCAP.PP.KD,71664.3739940364
Brunei Darussalam,BRN,"Primary completion rate, total (% of relevant age group)",SE.PRM.CMPT.ZS,101.94281
Brunei Darussalam,BRN,Urban population (% of total),SP.URB.TOTL.IN.ZS,76.223
Bulgaria,BGR,"GDP per capita, PPP (constant 2011 international $)",NY.GDP.PCAP.PP.KD,15442.8269005261
Bulgaria,BGR,"Primary completion rate, total (% of relevant age group)",SE.PRM.CMPT.ZS,98.17296
Bulgaria,BGR,Urban population (% of total),SP.URB.TOTL.IN.ZS,72.971
Burkina Faso,BFA,"GDP per capita, PPP (constant 2011 international $)",NY.GDP.PCAP.PP.KD,1527.85572807288
Burkina Faso,BFA,"Primary completion rate, total (% of relevant age group)",SE.PRM.CMPT.ZS,57.60056
Burkina Faso,BFA,Urban population (% of total),SP.URB.TOTL.IN.ZS,27.346
Burundi,BDI,"GDP per capita, PPP (constant 2011 international $)",NY.GDP.PCAP.PP.KD,736.843294747928
Burundi,BDI,"Primary completion rate, total (% of relevant age group)",SE.PRM.CMPT.ZS,62.17888
Burundi,BDI,Urban population (% of total),SP.URB.TOTL.IN.ZS,11.189
Cabo Verde,CPV,"GDP per capita, PPP (constant 2011 international $)",NY.GDP.PCAP.PP.KD,6233.52206033836
Cabo Verde,CPV,"Primary completion rate, total (% of relevant age group)",SE.PRM.CMPT.ZS,99.04205
Cabo Verde,CPV,Urban population (% of total),SP.URB.TOTL.IN.ZS,63.389
Cambodia,KHM,"GDP per capita, PPP (constant 2011 international $)",NY.GDP.PCAP.PP.KD,2790.43087295551
Cambodia,KHM,"Primary completion rate, total (% of relevant age group)",SE.PRM.CMPT.ZS,98.12583
Cambodia,KHM,Urban population (% of total),SP.URB.TOTL.IN.ZS,20.137
Cameroon,CMR,"GDP per capita, PPP (constant 2011 international $)",NY.GDP.PCAP.PP.KD,2661.30820279509
Cameroon,CMR,"Primary completion rate, total (% of relevant age group)",SE.PRM.CMPT.ZS,72.84545
Cameroon,CMR,Urban population (% of total),SP.URB.TOTL.IN.ZS,52.677
Canada,CAN,"GDP per capita, PPP (constant 2011 international $)",NY.GDP.PCAP.PP.KD,41541.1151715076
Canada,CAN,"Primary completion rate, total (% of relevant age group)",SE.PRM.CMPT.ZS,..
Canada,CAN,Urban population (% of total),SP.URB.TOTL.IN.ZS,81.293
Cayman Islands,CYM,"GDP per capita, PPP (constant 2011 international $)",NY.GDP.PCAP.PP.KD,..
Cayman Islands,CYM,"Primary completion rate, total (% of relevant age group)",SE.PRM.CMPT.ZS,..
Cayman Islands,CYM,Urban population (% of total),SP.URB.TOTL.IN.ZS,100
Central African Republic,CAF,"GDP per capita, PPP (constant 2011 international $)",NY.GDP.PCAP.PP.KD,931.490689414463
Central African Republic,CAF,"Primary completion rate, total (% of relevant age group)",SE.PRM.CMPT.ZS,45.3486
Central African Republic,CAF,Urban population (% of total),SP.URB.TOTL.IN.ZS,39.258
Chad,TCD,"GDP per capita, PPP (constant 2011 international $)",NY.GDP.PCAP.PP.KD,2003.39620440228
Chad,TCD,"Primary completion rate, total (% of relevant age group)",SE.PRM.CMPT.ZS,35.2531
Chad,TCD,Urban population (% of total),SP.URB.TOTL.IN.ZS,22.129
Channel Islands,CHI,"GDP per capita, PPP (constant 2011 international $)",NY.GDP.PCAP.PP.KD,..
Channel Islands,CHI,"Primary completion rate, total (% of relevant age group)",SE.PRM.CMPT.ZS,..
Channel Islands,CHI,Urban population (% of total),SP.URB.TOTL.IN.ZS,31.189
Chile,CHL,"GDP per capita, PPP (constant 2011 international $)",NY.GDP.PCAP.PP.KD,21048.927954527
Chile,CHL,"Primary completion rate, total (% of relevant age group)",SE.PRM.CMPT.ZS,97.33283
Chile,CHL,Urban population (% of total),SP.URB.TOTL.IN.ZS,88.986
China,CHN,"GDP per capita, PPP (constant 2011 international $)",NY.GDP.PCAP.PP.KD,10756.4577107266
China,CHN,"Primary completion rate, total (% of relevant age group)",SE.PRM.CMPT.ZS,..
China,CHN,Urban population (% of total),SP.URB.TOTL.IN.ZS,51.889
Colombia,COL,"GDP per capita, PPP (constant 2011 international $)",NY.GDP.PCAP.PP.KD,11636.5520748801
Colombia,COL,"Primary completion rate, total (% of relevant age group)",SE.PRM.CMPT.ZS,105.04355
Colombia,COL,Urban population (% of total),SP.URB.TOTL.IN.ZS,75.603
Comoros,COM,"GDP per capita, PPP (constant 2011 international $)",NY.GDP.PCAP.PP.KD,1385.26949194656
Comoros,COM,"Primary completion rate, total (% of relevant age group)",SE.PRM.CMPT.ZS,..
Comoros,COM,Urban population (% of total),SP.URB.TOTL.IN.ZS,28.029
"Congo, Dem. Rep.",ZAR,"GDP per capita, PPP (constant 2011 international $)",NY.GDP.PCAP.PP.KD,741.892109258868
"Congo, Dem. Rep.",ZAR,"Primary completion rate, total (% of relevant age group)",SE.PRM.CMPT.ZS,72.81776
"Congo, Dem. Rep.",ZAR,Urban population (% of total),SP.URB.TOTL.IN.ZS,40.95
"Congo, Rep.",COG,"GDP per capita, PPP (constant 2011 international $)",NY.GDP.PCAP.PP.KD,5631.30129360079
"Congo, Rep.",COG,"Primary completion rate, total (% of relevant age group)",SE.PRM.CMPT.ZS,72.98274
"Congo, Rep.",COG,Urban population (% of total),SP.URB.TOTL.IN.ZS,64.1
Costa Rica,CRI,"GDP per capita, PPP (constant 2011 international $)",NY.GDP.PCAP.PP.KD,13157.4915669465
Costa Rica,CRI,"Primary completion rate, total (% of relevant age group)",SE.PRM.CMPT.ZS,95.19691
Costa Rica,CRI,Urban population (% of total),SP.URB.TOTL.IN.ZS,73.94
Cote d'Ivoire,CIV,"GDP per capita, PPP (constant 2011 international $)",NY.GDP.PCAP.PP.KD,2927.37248239245
Cote d'Ivoire,CIV,"Primary completion rate, total (% of relevant age group)",SE.PRM.CMPT.ZS,61.19567
Cote d'Ivoire,CIV,Urban population (% of total),SP.URB.TOTL.IN.ZS,52.041
Croatia,HRV,"GDP per capita, PPP (constant 2011 international $)",NY.GDP.PCAP.PP.KD,20182.8301749015
Croatia,HRV,"Primary completion rate, total (% of relevant age group)",SE.PRM.CMPT.ZS,93.17816
Croatia,HRV,Urban population (% of total),SP.URB.TOTL.IN.ZS,58.074
Cuba,CUB,"GDP per capita, PPP (constant 2011 international $)",NY.GDP.PCAP.PP.KD,..
Cuba,CUB,"Primary completion rate, total (% of relevant age group)",SE.PRM.CMPT.ZS,95.61037
Cuba,CUB,Urban population (% of total),SP.URB.TOTL.IN.ZS,76.781
Curacao,CUW,"GDP per capita, PPP (constant 2011 international $)",NY.GDP.PCAP.PP.KD,..
Curacao,CUW,"Primary completion rate, total (% of relevant age group)",SE.PRM.CMPT.ZS,..
Curacao,CUW,Urban population (% of total),SP.URB.TOTL.IN.ZS,89.652
Cyprus,CYP,"GDP per capita, PPP (constant 2011 international $)",NY.GDP.PCAP.PP.KD,29087.3674874249
Cyprus,CYP,"Primary completion rate, total (% of relevant age group)",SE.PRM.CMPT.ZS,100.06414
Cyprus,CYP,Urban population (% of total),SP.URB.TOTL.IN.ZS,67.261
Czech Republic,CZE,"GDP per capita, PPP (constant 2011 international $)",NY.GDP.PCAP.PP.KD,28185.3298468362
Czech Republic,CZE,"Primary completion rate, total (% of relevant age group)",SE.PRM.CMPT.ZS,102.47479
Czech Republic,CZE,Urban population (% of total),SP.URB.TOTL.IN.ZS,73.115
Denmark,DNK,"GDP per capita, PPP (constant 2011 international $)",NY.GDP.PCAP.PP.KD,42362.7049308699
Denmark,DNK,"Primary completion rate, total (% of relevant age group)",SE.PRM.CMPT.ZS,98.52357
Denmark,DNK,Urban population (% of total),SP.URB.TOTL.IN.ZS,87.142
Djibouti,DJI,"GDP per capita, PPP (constant 2011 international $)",NY.GDP.PCAP.PP.KD,2807.03591075583
Djibouti,DJI,"Primary completion rate, total (% of relevant age group)",SE.PRM.CMPT.ZS,..
Djibouti,DJI,Urban population (% of total),SP.URB.TOTL.IN.ZS,77.117
Dominica,DMA,"GDP per capita, PPP (constant 2011 international $)",NY.GDP.PCAP.PP.KD,10148.5593198255
Dominica,DMA,"Primary completion rate, total (% of relevant age group)",SE.PRM.CMPT.ZS,103.9604
Dominica,DMA,Urban population (% of total),SP.URB.TOTL.IN.ZS,68.681
Dominican Republic,DOM,"GDP per capita, PPP (constant 2011 international $)",NY.GDP.PCAP.PP.KD,11417.9478308648
Dominican Republic,DOM,"Primary completion rate, total (% of relevant age group)",SE.PRM.CMPT.ZS,90.30978
Dominican Republic,DOM,Urban population (% of total),SP.URB.TOTL.IN.ZS,76.039
Ecuador,ECU,"GDP per capita, PPP (constant 2011 international $)",NY.GDP.PCAP.PP.KD,10232.8056445241
Ecuador,ECU,"Primary completion rate, total (% of relevant age group)",SE.PRM.CMPT.ZS,110.86182
Ecuador,ECU,Urban population (% of total),SP.URB.TOTL.IN.ZS,63.088
"Egypt, Arab Rep.",EGY,"GDP per capita, PPP (constant 2011 international $)",NY.GDP.PCAP.PP.KD,10686.4228540508
"Egypt, Arab Rep.",EGY,"Primary completion rate, total (% of relevant age group)",SE.PRM.CMPT.ZS,106.99634
"Egypt, Arab Rep.",EGY,Urban population (% of total),SP.URB.TOTL.IN.ZS,43.002
El Salvador,SLV,"GDP per capita, PPP (constant 2011 international $)",NY.GDP.PCAP.PP.KD,7441.75338004112
El Salvador,SLV,"Primary completion rate, total (% of relevant age group)",SE.PRM.CMPT.ZS,100.9545
El Salvador,SLV,Urban population (% of total),SP.URB.TOTL.IN.ZS,65.287
Equatorial Guinea,GNQ,"GDP per capita, PPP (constant 2011 international $)",NY.GDP.PCAP.PP.KD,35314.001579187
Equatorial Guinea,GNQ,"Primary completion rate, total (% of relevant age group)",SE.PRM.CMPT.ZS,54.79383
Equatorial Guinea,GNQ,Urban population (% of total),SP.URB.TOTL.IN.ZS,39.463
Eritrea,ERI,"GDP per capita, PPP (constant 2011 international $)",NY.GDP.PCAP.PP.KD,1179.7752943577
Eritrea,ERI,"Primary completion rate, total (% of relevant age group)",SE.PRM.CMPT.ZS,31.20823
Eritrea,ERI,Urban population (% of total),SP.URB.TOTL.IN.ZS,21.352
Estonia,EST,"GDP per capita, PPP (constant 2011 international $)",NY.GDP.PCAP.PP.KD,24721.3797834123
Estonia,EST,"Primary completion rate, total (% of relevant age group)",SE.PRM.CMPT.ZS,96.42124
Estonia,EST,Urban population (% of total),SP.URB.TOTL.IN.ZS,67.835
Ethiopia,ETH,"GDP per capita, PPP (constant 2011 international $)",NY.GDP.PCAP.PP.KD,1240.17193989907
Ethiopia,ETH,"Primary completion rate, total (% of relevant age group)",SE.PRM.CMPT.ZS,..
Ethiopia,ETH,Urban population (% of total),SP.URB.TOTL.IN.ZS,18.16
Faeroe Islands,FRO,"GDP per capita, PPP (constant 2011 international $)",NY.GDP.PCAP.PP.KD,..
Faeroe Islands,FRO,"Primary completion rate, total (% of relevant age group)",SE.PRM.CMPT.ZS,..
Faeroe Islands,FRO,Urban population (% of total),SP.URB.TOTL.IN.ZS,41.323
Fiji,FJI,"GDP per capita, PPP (constant 2011 international $)",NY.GDP.PCAP.PP.KD,7302.60302109224
Fiji,FJI,"Primary completion rate, total (% of relevant age group)",SE.PRM.CMPT.ZS,103.62131
Fiji,FJI,Urban population (% of total),SP.URB.TOTL.IN.ZS,52.596
Finland,FIN,"GDP per capita, PPP (constant 2011 international $)",NY.GDP.PCAP.PP.KD,39504.442180032
Finland,FIN,"Primary completion rate, total (% of relevant age group)",SE.PRM.CMPT.ZS,99.26237
Finland,FIN,Urban population (% of total),SP.URB.TOTL.IN.ZS,83.819
France,FRA,"GDP per capita, PPP (constant 2011 international $)",NY.GDP.PCAP.PP.KD,37247.2133433694
France,FRA,"Primary completion rate, total (% of relevant age group)",SE.PRM.CMPT.ZS,..
France,FRA,Urban population (% of total),SP.URB.TOTL.IN.ZS,78.82
French Polynesia,PYF,"GDP per capita, PPP (constant 2011 international $)",NY.GDP.PCAP.PP.KD,..
French Polynesia,PYF,"Primary completion rate, total (% of relevant age group)",SE.PRM.CMPT.ZS,..
French Polynesia,PYF,Urban population (% of total),SP.URB.TOTL.IN.ZS,56.218
Gabon,GAB,"GDP per capita, PPP (constant 2011 international $)",NY.GDP.PCAP.PP.KD,18031.859126681
Gabon,GAB,"Primary completion rate, total (% of relevant age group)",SE.PRM.CMPT.ZS,..
Gabon,GAB,Urban population (% of total),SP.URB.TOTL.IN.ZS,86.367
"Gambia, The",GMB,"GDP per capita, PPP (constant 2011 international $)",NY.GDP.PCAP.PP.KD,1584.17831456322
"Gambia, The",GMB,"Primary completion rate, total (% of relevant age group)",SE.PRM.CMPT.ZS,70.33337
"Gambia, The",GMB,Urban population (% of total),SP.URB.TOTL.IN.ZS,57.706
Georgia,GEO,"GDP per capita, PPP (constant 2011 international $)",NY.GDP.PCAP.PP.KD,6702.37575400442
Georgia,GEO,"Primary completion rate, total (% of relevant age group)",SE.PRM.CMPT.ZS,108.14023
Georgia,GEO,Urban population (% of total),SP.URB.TOTL.IN.ZS,53.162
Germany,DEU,"GDP per capita, PPP (constant 2011 international $)",NY.GDP.PCAP.PP.KD,43266.1666451899
Germany,DEU,"Primary completion rate, total (% of relevant age group)",SE.PRM.CMPT.ZS,98.01374
Germany,DEU,Urban population (% of total),SP.URB.TOTL.IN.ZS,74.688
Ghana,GHA,"GDP per capita, PPP (constant 2011 international $)",NY.GDP.PCAP.PP.KD,3667.80135928247
Ghana,GHA,"Primary completion rate, total (% of relevant age group)",SE.PRM.CMPT.ZS,98.17003
Ghana,GHA,Urban population (% of total),SP.URB.TOTL.IN.ZS,52.069
Greece,GRC,"GDP per capita, PPP (constant 2011 international $)",NY.GDP.PCAP.PP.KD,25242.7187207004
Greece,GRC,"Primary completion rate, total (% of relevant age group)",SE.PRM.CMPT.ZS,..
Greece,GRC,Urban population (% of total),SP.URB.TOTL.IN.ZS,77
Greenland,GRL,"GDP per capita, PPP (constant 2011 international $)",NY.GDP.PCAP.PP.KD,..
Greenland,GRL,"Primary completion rate, total (% of relevant age group)",SE.PRM.CMPT.ZS,..
Greenland,GRL,Urban population (% of total),SP.URB.TOTL.IN.ZS,85.2
Grenada,GRD,"GDP per capita, PPP (constant 2011 international $)",NY.GDP.PCAP.PP.KD,11048.2948030829
Grenada,GRD,"Primary completion rate, total (% of relevant age group)",SE.PRM.CMPT.ZS,..
Grenada,GRD,Urban population (% of total),SP.URB.TOTL.IN.ZS,35.601
Guam,GUM,"GDP per capita, PPP (constant 2011 international $)",NY.GDP.PCAP.PP.KD,..
Guam,GUM,"Primary completion rate, total (% of relevant age group)",SE.PRM.CMPT.ZS,..
Guam,GUM,Urban population (% of total),SP.URB.TOTL.IN.ZS,94.273
Guatemala,GTM,"GDP per capita, PPP (constant 2011 international $)",NY.GDP.PCAP.PP.KD,6985.20562259953
Guatemala,GTM,"Primary completion rate, total (% of relevant age group)",SE.PRM.CMPT.ZS,..
Guatemala,GTM,Urban population (% of total),SP.URB.TOTL.IN.ZS,50.212
Guinea,GIN,"GDP per capita, PPP (constant 2011 international $)",NY.GDP.PCAP.PP.KD,1216.04979155789
Guinea,GIN,"Primary completion rate, total (% of relevant age group)",SE.PRM.CMPT.ZS,61.47962
Guinea,GIN,Urban population (% of total),SP.URB.TOTL.IN.ZS,35.748
Guinea-Bissau,GNB,"GDP per capita, PPP (constant 2011 international $)",NY.GDP.PCAP.PP.KD,1390.63801593541
Guinea-Bissau,GNB,"Primary completion rate, total (% of relevant age group)",SE.PRM.CMPT.ZS,..
Guinea-Bissau,GNB,Urban population (% of total),SP.URB.TOTL.IN.ZS,46.924
Guyana,GUY,"GDP per capita, PPP (constant 2011 international $)",NY.GDP.PCAP.PP.KD,6053.65871071809
Guyana,GUY,"Primary completion rate, total (% of relevant age group)",SE.PRM.CMPT.ZS,85.25553
Guyana,GUY,Urban population (% of total),SP.URB.TOTL.IN.ZS,28.319
Haiti,HTI,"GDP per capita, PPP (constant 2011 international $)",NY.GDP.PCAP.PP.KD,1602.81449647857
Haiti,HTI,"Primary completion rate, total (% of relevant age group)",SE.PRM.CMPT.ZS,..
Haiti,HTI,Urban population (% of total),SP.URB.TOTL.IN.ZS,54.841
Honduras,HND,"GDP per capita, PPP (constant 2011 international $)",NY.GDP.PCAP.PP.KD,4422.5445959746
Honduras,HND,"Primary completion rate, total (% of relevant age group)",SE.PRM.CMPT.ZS,100.09345
Honduras,HND,Urban population (% of total),SP.URB.TOTL.IN.ZS,52.93
"Hong Kong SAR, China",HKG,"GDP per capita, PPP (constant 2011 international $)",NY.GDP.PCAP.PP.KD,50271.6292604547
"Hong Kong SAR, China",HKG,"Primary completion rate, total (% of relevant age group)",SE.PRM.CMPT.ZS,98.32348
"Hong Kong SAR, China",HKG,Urban population (% of total),SP.URB.TOTL.IN.ZS,100
Hungary,HUN,"GDP per capita, PPP (constant 2011 international $)",NY.GDP.PCAP.PP.KD,22517.1028365817
Hungary,HUN,"Primary completion rate, total (% of relevant age group)",SE.PRM.CMPT.ZS,98.78033
Hungary,HUN,Urban population (% of total),SP.URB.TOTL.IN.ZS,69.832
Iceland,ISL,"GDP per capita, PPP (constant 2011 international $)",NY.GDP.PCAP.PP.KD,40154.438429391
Iceland,ISL,"Primary completion rate, total (% of relevant age group)",SE.PRM.CMPT.ZS,..
Iceland,ISL,Urban population (% of total),SP.URB.TOTL.IN.ZS,93.84
India,IND,"GDP per capita, PPP (constant 2011 international $)",NY.GDP.PCAP.PP.KD,5050.1078029704
India,IND,"Primary completion rate, total (% of relevant age group)",SE.PRM.CMPT.ZS,..
India,IND,Urban population (% of total),SP.URB.TOTL.IN.ZS,31.631
Indonesia,IDN,"GDP per capita, PPP (constant 2011 international $)",NY.GDP.PCAP.PP.KD,8855.01180407186
Indonesia,IDN,"Primary completion rate, total (% of relevant age group)",SE.PRM.CMPT.ZS,104.54415
Indonesia,IDN,Urban population (% of total),SP.URB.TOTL.IN.ZS,51.488
"Iran, Islamic Rep.",IRN,"GDP per capita, PPP (constant 2011 international $)",NY.GDP.PCAP.PP.KD,16233.5295220412
"Iran, Islamic Rep.",IRN,"Primary completion rate, total (% of relevant age group)",SE.PRM.CMPT.ZS,102.22383
"Iran, Islamic Rep.",IRN,Urban population (% of total),SP.URB.TOTL.IN.ZS,71.769
Iraq,IRQ,"GDP per capita, PPP (constant 2011 international $)",NY.GDP.PCAP.PP.KD,14244.3461302489
Iraq,IRQ,"Primary completion rate, total (% of relevant age group)",SE.PRM.CMPT.ZS,..
Iraq,IRQ,Urban population (% of total),SP.URB.TOTL.IN.ZS,69.175
Ireland,IRL,"GDP per capita, PPP (constant 2011 international $)",NY.GDP.PCAP.PP.KD,44935.1381829114
Ireland,IRL,"Primary completion rate, total (% of relevant age group)",SE.PRM.CMPT.ZS,..
Ireland,IRL,Urban population (% of total),SP.URB.TOTL.IN.ZS,62.386
Isle of Man,IMY,"GDP per capita, PPP (constant 2011 international $)",NY.GDP.PCAP.PP.KD,..
Isle of Man,IMY,"Primary completion rate, total (% of relevant age group)",SE.PRM.CMPT.ZS,..
Isle of Man,IMY,Urban population (% of total),SP.URB.TOTL.IN.ZS,52.042
Israel,ISR,"GDP per capita, PPP (constant 2011 international $)",NY.GDP.PCAP.PP.KD,30599.7707276501
Israel,ISR,"Primary completion rate, total (% of relevant age group)",SE.PRM.CMPT.ZS,..
Israel,ISR,Urban population (% of total),SP.URB.TOTL.IN.ZS,91.949
Italy,ITA,"GDP per capita, PPP (constant 2011 international $)",NY.GDP.PCAP.PP.KD,35008.3587458696
Italy,ITA,"Primary completion rate, total (% of relevant age group)",SE.PRM.CMPT.ZS,..
Italy,ITA,Urban population (% of total),SP.URB.TOTL.IN.ZS,68.56
Jamaica,JAM,"GDP per capita, PPP (constant 2011 international $)",NY.GDP.PCAP.PP.KD,8520.89497075678
Jamaica,JAM,"Primary completion rate, total (% of relevant age group)",SE.PRM.CMPT.ZS,..
Jamaica,JAM,Urban population (% of total),SP.URB.TOTL.IN.ZS,54.127
Japan,JPN,"GDP per capita, PPP (constant 2011 international $)",NY.GDP.PCAP.PP.KD,34987.6081846081
Japan,JPN,"Primary completion rate, total (% of relevant age group)",SE.PRM.CMPT.ZS,102.05727
Japan,JPN,Urban population (% of total),SP.URB.TOTL.IN.ZS,91.902
Jordan,JOR,"GDP per capita, PPP (constant 2011 international $)",NY.GDP.PCAP.PP.KD,11340.2700192455
Jordan,JOR,"Primary completion rate, total (% of relevant age group)",SE.PRM.CMPT.ZS,..
Jordan,JOR,Urban population (% of total),SP.URB.TOTL.IN.ZS,82.97
Kazakhstan,KAZ,"GDP per capita, PPP (constant 2011 international $)",NY.GDP.PCAP.PP.KD,21505.6512171149
Kazakhstan,KAZ,"Primary completion rate, total (% of relevant age group)",SE.PRM.CMPT.ZS,101.48057
Kazakhstan,KAZ,Urban population (% of total),SP.URB.TOTL.IN.ZS,53.458
Kenya,KEN,"GDP per capita, PPP (constant 2011 international $)",NY.GDP.PCAP.PP.KD,2628.04493771047
Kenya,KEN,"Primary completion rate, total (% of relevant age group)",SE.PRM.CMPT.ZS,..
Kenya,KEN,Urban population (% of total),SP.URB.TOTL.IN.ZS,24.37
Kiribati,KIR,"GDP per capita, PPP (constant 2011 international $)",NY.GDP.PCAP.PP.KD,1771.52614790875
Kiribati,KIR,"Primary completion rate, total (% of relevant age group)",SE.PRM.CMPT.ZS,..
Kiribati,KIR,Urban population (% of total),SP.URB.TOTL.IN.ZS,43.948
"Korea, Dem. Rep.",PRK,"GDP per capita, PPP (constant 2011 international $)",NY.GDP.PCAP.PP.KD,..
"Korea, Dem. Rep.",PRK,"Primary completion rate, total (% of relevant age group)",SE.PRM.CMPT.ZS,..
"Korea, Dem. Rep.",PRK,Urban population (% of total),SP.URB.TOTL.IN.ZS,60.436
"Korea, Rep.",KOR,"GDP per capita, PPP (constant 2011 international $)",NY.GDP.PCAP.PP.KD,31901.0729348642
"Korea, Rep.",KOR,"Primary completion rate, total (% of relevant age group)",SE.PRM.CMPT.ZS,110.5282
"Korea, Rep.",KOR,Urban population (% of total),SP.URB.TOTL.IN.ZS,82.141
Kosovo,KSV,"GDP per capita, PPP (constant 2011 international $)",NY.GDP.PCAP.PP.KD,8426.1597590463
Kosovo,KSV,"Primary completion rate, total (% of relevant age group)",SE.PRM.CMPT.ZS,..
Kosovo,KSV,Urban population (% of total),SP.URB.TOTL.IN.ZS,..
Kuwait,KWT,"GDP per capita, PPP (constant 2011 international $)",NY.GDP.PCAP.PP.KD,84187.7069011197
Kuwait,KWT,"Primary completion rate, total (% of relevant age group)",SE.PRM.CMPT.ZS,..
Kuwait,KWT,Urban population (% of total),SP.URB.TOTL.IN.ZS,98.294
Kyrgyz Republic,KGZ,"GDP per capita, PPP (constant 2011 international $)",NY.GDP.PCAP.PP.KD,2869.83896203769
Kyrgyz Republic,KGZ,"Primary completion rate, total (% of relevant age group)",SE.PRM.CMPT.ZS,97.66953
Kyrgyz Republic,KGZ,Urban population (% of total),SP.URB.TOTL.IN.ZS,35.403
Lao PDR,LAO,"GDP per capita, PPP (constant 2011 international $)",NY.GDP.PCAP.PP.KD,4381.14972779626
Lao PDR,LAO,"Primary completion rate, total (% of relevant age group)",SE.PRM.CMPT.ZS,95.12193
Lao PDR,LAO,Urban population (% of total),SP.URB.TOTL.IN.ZS,35.368
Latvia,LVA,"GDP per capita, PPP (constant 2011 international $)",NY.GDP.PCAP.PP.KD,20747.2930466131
Latvia,LVA,"Primary completion rate, total (% of relevant age group)",SE.PRM.CMPT.ZS,103.32355
Latvia,LVA,Urban population (% of total),SP.URB.TOTL.IN.ZS,67.548
Lebanon,LBN,"GDP per capita, PPP (constant 2011 international $)",NY.GDP.PCAP.PP.KD,16632.8712277863
Lebanon,LBN,"Primary completion rate, total (% of relevant age group)",SE.PRM.CMPT.ZS,86.19635
Lebanon,LBN,Urban population (% of total),SP.URB.TOTL.IN.ZS,87.426
Lesotho,LSO,"GDP per capita, PPP (constant 2011 international $)",NY.GDP.PCAP.PP.KD,2390.26153250419
Lesotho,LSO,"Primary completion rate, total (% of relevant age group)",SE.PRM.CMPT.ZS,72.46844
Lesotho,LSO,Urban population (% of total),SP.URB.TOTL.IN.ZS,25.76
Liberia,LBR,"GDP per capita, PPP (constant 2011 international $)",NY.GDP.PCAP.PP.KD,782.38725425071
Liberia,LBR,"Primary completion rate, total (% of relevant age group)",SE.PRM.CMPT.ZS,..
Liberia,LBR,Urban population (% of total),SP.URB.TOTL.IN.ZS,48.541
Libya,LBY,"GDP per capita, PPP (constant 2011 international $)",NY.GDP.PCAP.PP.KD,23032.0955118359
Libya,LBY,"Primary completion rate, total (% of relevant age group)",SE.PRM.CMPT.ZS,..
Libya,LBY,Urban population (% of total),SP.URB.TOTL.IN.ZS,77.988
Liechtenstein,LIE,"GDP per capita, PPP (constant 2011 international $)",NY.GDP.PCAP.PP.KD,..
Liechtenstein,LIE,"Primary completion rate, total (% of relevant age group)",SE.PRM.CMPT.ZS,..
Liechtenstein,LIE,Urban population (% of total),SP.URB.TOTL.IN.ZS,14.365
Lithuania,LTU,"GDP per capita, PPP (constant 2011 international $)",NY.GDP.PCAP.PP.KD,23460.5095648505
Lithuania,LTU,"Primary completion rate, total (% of relevant age group)",SE.PRM.CMPT.ZS,98.18307
Lithuania,LTU,Urban population (% of total),SP.URB.TOTL.IN.ZS,66.604
Luxembourg,LUX,"GDP per capita, PPP (constant 2011 international $)",NY.GDP.PCAP.PP.KD,88011.0862308445
Luxembourg,LUX,"Primary completion rate, total (% of relevant age group)",SE.PRM.CMPT.ZS,..
Luxembourg,LUX,Urban population (% of total),SP.URB.TOTL.IN.ZS,89.247
"Macao SAR, China",MAC,"GDP per capita, PPP (constant 2011 international $)",NY.GDP.PCAP.PP.KD,125484.786514166
"Macao SAR, China",MAC,"Primary completion rate, total (% of relevant age group)",SE.PRM.CMPT.ZS,..
"Macao SAR, China",MAC,Urban population (% of total),SP.URB.TOTL.IN.ZS,100
"Macedonia, FYR",MKD,"GDP per capita, PPP (constant 2011 international $)",NY.GDP.PCAP.PP.KD,11268.3770613093
"Macedonia, FYR",MKD,"Primary completion rate, total (% of relevant age group)",SE.PRM.CMPT.ZS,74.4617
"Macedonia, FYR",MKD,Urban population (% of total),SP.URB.TOTL.IN.ZS,56.959
Madagascar,MDG,"GDP per capita, PPP (constant 2011 international $)",NY.GDP.PCAP.PP.KD,1374.18887969963
Madagascar,MDG,"Primary completion rate, total (% of relevant age group)",SE.PRM.CMPT.ZS,69.53569
Madagascar,MDG,Urban population (% of total),SP.URB.TOTL.IN.ZS,33.196
Malawi,MWI,"GDP per capita, PPP (constant 2011 international $)",NY.GDP.PCAP.PP.KD,739.862150424498
Malawi,MWI,"Primary completion rate, total (% of relevant age group)",SE.PRM.CMPT.ZS,74.23594
Malawi,MWI,Urban population (% of total),SP.URB.TOTL.IN.ZS,15.798
Malaysia,MYS,"GDP per capita, PPP (constant 2011 international $)",NY.GDP.PCAP.PP.KD,21920.2224723596
Malaysia,MYS,"Primary completion rate, total (% of relevant age group)",SE.PRM.CMPT.ZS,..
Malaysia,MYS,Urban population (% of total),SP.URB.TOTL.IN.ZS,72.526
Maldives,MDV,"GDP per capita, PPP (constant 2011 international $)",NY.GDP.PCAP.PP.KD,11090.2635549713
Maldives,MDV,"Primary completion rate, total (% of relevant age group)",SE.PRM.CMPT.ZS,..
Maldives,MDV,Urban population (% of total),SP.URB.TOTL.IN.ZS,42.303
Mali,MLI,"GDP per capita, PPP (constant 2011 international $)",NY.GDP.PCAP.PP.KD,1602.66042947713
Mali,MLI,"Primary completion rate, total (% of relevant age group)",SE.PRM.CMPT.ZS,58.69324
Mali,MLI,Urban population (% of total),SP.URB.TOTL.IN.ZS,37.579
Malta,MLT,"GDP per capita, PPP (constant 2011 international $)",NY.GDP.PCAP.PP.KD,28271.0839483731
Malta,MLT,"Primary completion rate, total (% of relevant age group)",SE.PRM.CMPT.ZS,87.53351
Malta,MLT,Urban population (% of total),SP.URB.TOTL.IN.ZS,94.991
Marshall Islands,MHL,"GDP per capita, PPP (constant 2011 international $)",NY.GDP.PCAP.PP.KD,3671.80145456734
Marshall Islands,MHL,"Primary completion rate, total (% of relevant age group)",SE.PRM.CMPT.ZS,..
Marshall Islands,MHL,Urban population (% of total),SP.URB.TOTL.IN.ZS,71.891
Mauritania,MRT,"GDP per capita, PPP (constant 2011 international $)",NY.GDP.PCAP.PP.KD,2828.05291828934
Mauritania,MRT,"Primary completion rate, total (% of relevant age group)",SE.PRM.CMPT.ZS,68.68995
Mauritania,MRT,Urban population (% of total),SP.URB.TOTL.IN.ZS,58
Mauritius,MUS,"GDP per capita, PPP (constant 2011 international $)",NY.GDP.PCAP.PP.KD,16195.7560380035
Mauritius,MUS,"Primary completion rate, total (% of relevant age group)",SE.PRM.CMPT.ZS,99.34342
Mauritius,MUS,Urban population (% of total),SP.URB.TOTL.IN.ZS,40.164
Mexico,MEX,"GDP per capita, PPP (constant 2011 international $)",NY.GDP.PCAP.PP.KD,16316.3343671674
Mexico,MEX,"Primary completion rate, total (% of relevant age group)",SE.PRM.CMPT.ZS,99.12121
Mexico,MEX,Urban population (% of total),SP.URB.TOTL.IN.ZS,78.407
"Micronesia, Fed. Sts.",FSM,"GDP per capita, PPP (constant 2011 international $)",NY.GDP.PCAP.PP.KD,3427.7571386906
"Micronesia, Fed. Sts.",FSM,"Primary completion rate, total (% of relevant age group)",SE.PRM.CMPT.ZS,..
"Micronesia, Fed. Sts.",FSM,Urban population (% of total),SP.URB.TOTL.IN.ZS,22.317
Moldova,MDA,"GDP per capita, PPP (constant 2011 international $)",NY.GDP.PCAP.PP.KD,4150.52718378868
Moldova,MDA,"Primary completion rate, total (% of relevant age group)",SE.PRM.CMPT.ZS,89.63885
Moldova,MDA,Urban population (% of total),SP.URB.TOTL.IN.ZS,44.857
Monaco,MCO,"GDP per capita, PPP (constant 2011 international $)",NY.GDP.PCAP.PP.KD,..
Monaco,MCO,"Primary completion rate, total (% of relevant age group)",SE.PRM.CMPT.ZS,..
Monaco,MCO,Urban population (% of total),SP.URB.TOTL.IN.ZS,100
Mongolia,MNG,"GDP per capita, PPP (constant 2011 international $)",NY.GDP.PCAP.PP.KD,8297.05373915164
Mongolia,MNG,"Primary completion rate, total (% of relevant age group)",SE.PRM.CMPT.ZS,130.21947
Mongolia,MNG,Urban population (% of total),SP.URB.TOTL.IN.ZS,69.472
Montenegro,MNE,"GDP per capita, PPP (constant 2011 international $)",NY.GDP.PCAP.PP.KD,13701.142418599
Montenegro,MNE,"Primary completion rate, total (% of relevant age group)",SE.PRM.CMPT.ZS,100.96815
Montenegro,MNE,Urban population (% of total),SP.URB.TOTL.IN.ZS,63.457
Morocco,MAR,"GDP per capita, PPP (constant 2011 international $)",NY.GDP.PCAP.PP.KD,6776.72046432164
Morocco,MAR,"Primary completion rate, total (% of relevant age group)",SE.PRM.CMPT.ZS,99.30597
Morocco,MAR,Urban population (% of total),SP.URB.TOTL.IN.ZS,58.697
Mozambique,MOZ,"GDP per capita, PPP (constant 2011 international $)",NY.GDP.PCAP.PP.KD,1020.41541855241
Mozambique,MOZ,"Primary completion rate, total (% of relevant age group)",SE.PRM.CMPT.ZS,52.18582
Mozambique,MOZ,Urban population (% of total),SP.URB.TOTL.IN.ZS,31.417
Myanmar,MMR,"GDP per capita, PPP (constant 2011 international $)",NY.GDP.PCAP.PP.KD,..
Myanmar,MMR,"Primary completion rate, total (% of relevant age group)",SE.PRM.CMPT.ZS,..
Myanmar,MMR,Urban population (% of total),SP.URB.TOTL.IN.ZS,32.469
Namibia,NAM,"GDP per capita, PPP (constant 2011 international $)",NY.GDP.PCAP.PP.KD,8995.11435612272
Namibia,NAM,"Primary completion rate, total (% of relevant age group)",SE.PRM.CMPT.ZS,85.37145
Namibia,NAM,Urban population (% of total),SP.URB.TOTL.IN.ZS,43.666
Nepal,NPL,"GDP per capita, PPP (constant 2011 international $)",NY.GDP.PCAP.PP.KD,2118.23313510171
Nepal,NPL,"Primary completion rate, total (% of relevant age group)",SE.PRM.CMPT.ZS,101.02664
Nepal,NPL,Urban population (% of total),SP.URB.TOTL.IN.ZS,17.518
Netherlands,NLD,"GDP per capita, PPP (constant 2011 international $)",NY.GDP.PCAP.PP.KD,45406.1670408597
Netherlands,NLD,"Primary completion rate, total (% of relevant age group)",SE.PRM.CMPT.ZS,..
Netherlands,NLD,Urban population (% of total),SP.URB.TOTL.IN.ZS,88.575
New Caledonia,NCL,"GDP per capita, PPP (constant 2011 international $)",NY.GDP.PCAP.PP.KD,..
New Caledonia,NCL,"Primary completion rate, total (% of relevant age group)",SE.PRM.CMPT.ZS,..
New Caledonia,NCL,Urban population (% of total),SP.URB.TOTL.IN.ZS,68.509
New Zealand,NZL,"GDP per capita, PPP (constant 2011 international $)",NY.GDP.PCAP.PP.KD,32281.250035224
New Zealand,NZL,"Primary completion rate, total (% of relevant age group)",SE.PRM.CMPT.ZS,..
New Zealand,NZL,Urban population (% of total),SP.URB.TOTL.IN.ZS,86.2
Nicaragua,NIC,"GDP per capita, PPP (constant 2011 international $)",NY.GDP.PCAP.PP.KD,4359.51279088703
Nicaragua,NIC,"Primary completion rate, total (% of relevant age group)",SE.PRM.CMPT.ZS,..
Nicaragua,NIC,Urban population (% of total),SP.URB.TOTL.IN.ZS,57.841
Niger,NER,"GDP per capita, PPP (constant 2011 international $)",NY.GDP.PCAP.PP.KD,885.317117049737
Niger,NER,"Primary completion rate, total (% of relevant age group)",SE.PRM.CMPT.ZS,49.31236
Niger,NER,Urban population (% of total),SP.URB.TOTL.IN.ZS,17.986
Nigeria,NGA,"GDP per capita, PPP (constant 2011 international $)",NY.GDP.PCAP.PP.KD,5290.85934863186
Nigeria,NGA,"Primary completion rate, total (% of relevant age group)",SE.PRM.CMPT.ZS,..
Nigeria,NGA,Urban population (% of total),SP.URB.TOTL.IN.ZS,45.234
Northern Mariana Islands,MNP,"GDP per capita, PPP (constant 2011 international $)",NY.GDP.PCAP.PP.KD,..
Northern Mariana Islands,MNP,"Primary completion rate, total (% of relevant age group)",SE.PRM.CMPT.ZS,..
Northern Mariana Islands,MNP,Urban population (% of total),SP.URB.TOTL.IN.ZS,89.36
Norway,NOR,"GDP per capita, PPP (constant 2011 international $)",NY.GDP.PCAP.PP.KD,62858.0089462733
Norway,NOR,"Primary completion rate, total (% of relevant age group)",SE.PRM.CMPT.ZS,99.34172
Norway,NOR,Urban population (% of total),SP.URB.TOTL.IN.ZS,79.665
Oman,OMN,"GDP per capita, PPP (constant 2011 international $)",NY.GDP.PCAP.PP.KD,44491.2075029675
Oman,OMN,"Primary completion rate, total (% of relevant age group)",SE.PRM.CMPT.ZS,103.72982
Oman,OMN,Urban population (% of total),SP.URB.TOTL.IN.ZS,76.204
Pakistan,PAK,"GDP per capita, PPP (constant 2011 international $)",NY.GDP.PCAP.PP.KD,4337.01539607288
Pakistan,PAK,"Primary completion rate, total (% of relevant age group)",SE.PRM.CMPT.ZS,71.86478
Pakistan,PAK,Urban population (% of total),SP.URB.TOTL.IN.ZS,37.428
Palau,PLW,"GDP per capita, PPP (constant 2011 international $)",NY.GDP.PCAP.PP.KD,14776.0791527442
Palau,PLW,"Primary completion rate, total (% of relevant age group)",SE.PRM.CMPT.ZS,..
Palau,PLW,Urban population (% of total),SP.URB.TOTL.IN.ZS,85.039
Panama,PAN,"GDP per capita, PPP (constant 2011 international $)",NY.GDP.PCAP.PP.KD,17627.0285798009
Panama,PAN,"Primary completion rate, total (% of relevant age group)",SE.PRM.CMPT.ZS,97.65758
Panama,PAN,Urban population (% of total),SP.URB.TOTL.IN.ZS,65.698
Papua New Guinea,PNG,"GDP per capita, PPP (constant 2011 international $)",NY.GDP.PCAP.PP.KD,2381.89791847012
Papua New Guinea,PNG,"Primary completion rate, total (% of relevant age group)",SE.PRM.CMPT.ZS,78.12591
Papua New Guinea,PNG,Urban population (% of total),SP.URB.TOTL.IN.ZS,12.982
Paraguay,PRY,"GDP per capita, PPP (constant 2011 international $)",NY.GDP.PCAP.PP.KD,6975.46666388683
Paraguay,PRY,"Primary completion rate, total (% of relevant age group)",SE.PRM.CMPT.ZS,..
Paraguay,PRY,Urban population (% of total),SP.URB.TOTL.IN.ZS,58.94
Peru,PER,"GDP per capita, PPP (constant 2011 international $)",NY.GDP.PCAP.PP.KD,10912.5616001389
Peru,PER,"Primary completion rate, total (% of relevant age group)",SE.PRM.CMPT.ZS,90.98011
Peru,PER,Urban population (% of total),SP.URB.TOTL.IN.ZS,77.616
Philippines,PHL,"GDP per capita, PPP (constant 2011 international $)",NY.GDP.PCAP.PP.KD,6005.31277389349
Philippines,PHL,"Primary completion rate, total (% of relevant age group)",SE.PRM.CMPT.ZS,..
Philippines,PHL,Urban population (% of total),SP.URB.TOTL.IN.ZS,44.81
Poland,POL,"GDP per capita, PPP (constant 2011 international $)",NY.GDP.PCAP.PP.KD,22498.8588056198
Poland,POL,"Primary completion rate, total (% of relevant age group)",SE.PRM.CMPT.ZS,..
Poland,POL,Urban population (% of total),SP.URB.TOTL.IN.ZS,60.688
Portugal,PRT,"GDP per capita, PPP (constant 2011 international $)",NY.GDP.PCAP.PP.KD,25811.4040143145
Portugal,PRT,"Primary completion rate, total (% of relevant age group)",SE.PRM.CMPT.ZS,..
Portugal,PRT,Urban population (% of total),SP.URB.TOTL.IN.ZS,61.758
Puerto Rico,PRI,"GDP per capita, PPP (constant 2011 international $)",NY.GDP.PCAP.PP.KD,33495.1065156008
Puerto Rico,PRI,"Primary completion rate, total (% of relevant age group)",SE.PRM.CMPT.ZS,..
Puerto Rico,PRI,Urban population (% of total),SP.URB.TOTL.IN.ZS,93.722
Qatar,QAT,"GDP per capita, PPP (constant 2011 international $)",NY.GDP.PCAP.PP.KD,127818.905182049
Qatar,QAT,"Primary completion rate, total (% of relevant age group)",SE.PRM.CMPT.ZS,..
Qatar,QAT,Urban population (% of total),SP.URB.TOTL.IN.ZS,98.946
Romania,ROM,"GDP per capita, PPP (constant 2011 international $)",NY.GDP.PCAP.PP.KD,17485.7438219707
Romania,ROM,"Primary completion rate, total (% of relevant age group)",SE.PRM.CMPT.ZS,93.66899
Romania,ROM,Urban population (% of total),SP.URB.TOTL.IN.ZS,54.091
Russian Federation,RUS,"GDP per capita, PPP (constant 2011 international $)",NY.GDP.PCAP.PP.KD,23309.7967831838
Russian Federation,RUS,"Primary completion rate, total (% of relevant age group)",SE.PRM.CMPT.ZS,97.11807
Russian Federation,RUS,Urban population (% of total),SP.URB.TOTL.IN.ZS,73.786
Rwanda,RWA,"GDP per capita, PPP (constant 2011 international $)",NY.GDP.PCAP.PP.KD,1400.43966740899
Rwanda,RWA,"Primary completion rate, total (% of relevant age group)",SE.PRM.CMPT.ZS,57.73976
Rwanda,RWA,Urban population (% of total),SP.URB.TOTL.IN.ZS,25.894
Samoa,WSM,"GDP per capita, PPP (constant 2011 international $)",NY.GDP.PCAP.PP.KD,5692.60985080001
Samoa,WSM,"Primary completion rate, total (% of relevant age group)",SE.PRM.CMPT.ZS,102.41204
Samoa,WSM,Urban population (% of total),SP.URB.TOTL.IN.ZS,19.639
San Marino,SMR,"GDP per capita, PPP (constant 2011 international $)",NY.GDP.PCAP.PP.KD,..
San Marino,SMR,"Primary completion rate, total (% of relevant age group)",SE.PRM.CMPT.ZS,95.3168
San Marino,SMR,Urban population (% of total),SP.URB.TOTL.IN.ZS,94.123
Sao Tome and Principe,STP,"GDP per capita, PPP (constant 2011 international $)",NY.GDP.PCAP.PP.KD,2837.11374351178
Sao Tome and Principe,STP,"Primary completion rate, total (% of relevant age group)",SE.PRM.CMPT.ZS,..
Sao Tome and Principe,STP,Urban population (% of total),SP.URB.TOTL.IN.ZS,63.265
Saudi Arabia,SAU,"GDP per capita, PPP (constant 2011 international $)",NY.GDP.PCAP.PP.KD,51122.1640941509
Saudi Arabia,SAU,"Primary completion rate, total (% of relevant age group)",SE.PRM.CMPT.ZS,105.96292
Saudi Arabia,SAU,Urban population (% of total),SP.URB.TOTL.IN.ZS,82.51
Senegal,SEN,"GDP per capita, PPP (constant 2011 international $)",NY.GDP.PCAP.PP.KD,2173.52325439674
Senegal,SEN,"Primary completion rate, total (% of relevant age group)",SE.PRM.CMPT.ZS,60.48372
Senegal,SEN,Urban population (% of total),SP.URB.TOTL.IN.ZS,42.781
Serbia,SRB,"GDP per capita, PPP (constant 2011 international $)",NY.GDP.PCAP.PP.KD,12504.7903561448
Serbia,SRB,"Primary completion rate, total (% of relevant age group)",SE.PRM.CMPT.ZS,93.22603
Serbia,SRB,Urban population (% of total),SP.URB.TOTL.IN.ZS,55.307
Seychelles,SYC,"GDP per capita, PPP (constant 2011 international $)",NY.GDP.PCAP.PP.KD,22828.8186227448
Seychelles,SYC,"Primary completion rate, total (% of relevant age group)",SE.PRM.CMPT.ZS,..
Seychelles,SYC,Urban population (% of total),SP.URB.TOTL.IN.ZS,52.915
Sierra Leone,SLE,"GDP per capita, PPP (constant 2011 international $)",NY.GDP.PCAP.PP.KD,1443.32905000936
Sierra Leone,SLE,"Primary completion rate, total (% of relevant age group)",SE.PRM.CMPT.ZS,72.35622
Sierra Leone,SLE,Urban population (% of total),SP.URB.TOTL.IN.ZS,38.885
Singapore,SGP,"GDP per capita, PPP (constant 2011 international $)",NY.GDP.PCAP.PP.KD,74609.1889277184
Singapore,SGP,"Primary completion rate, total (% of relevant age group)",SE.PRM.CMPT.ZS,..
Singapore,SGP,Urban population (% of total),SP.URB.TOTL.IN.ZS,100
Sint Maarten (Dutch part),SXM,"GDP per capita, PPP (constant 2011 international $)",NY.GDP.PCAP.PP.KD,..
Sint Maarten (Dutch part),SXM,"Primary completion rate, total (% of relevant age group)",SE.PRM.CMPT.ZS,..
Sint Maarten (Dutch part),SXM,Urban population (% of total),SP.URB.TOTL.IN.ZS,100
Slovak Republic,SVK,"GDP per capita, PPP (constant 2011 international $)",NY.GDP.PCAP.PP.KD,25925.6315872559
Slovak Republic,SVK,"Primary completion rate, total (% of relevant age group)",SE.PRM.CMPT.ZS,94.82072
Slovak Republic,SVK,Urban population (% of total),SP.URB.TOTL.IN.ZS,54.163
Slovenia,SVN,"GDP per capita, PPP (constant 2011 international $)",NY.GDP.PCAP.PP.KD,27898.8814702134
Slovenia,SVN,"Primary completion rate, total (% of relevant age group)",SE.PRM.CMPT.ZS,100.88188
Slovenia,SVN,Urban population (% of total),SP.URB.TOTL.IN.ZS,49.856
Solomon Islands,SLB,"GDP per capita, PPP (constant 2011 international $)",NY.GDP.PCAP.PP.KD,1986.36888876903
Solomon Islands,SLB,"Primary completion rate, total (% of relevant age group)",SE.PRM.CMPT.ZS,85.41835
Solomon Islands,SLB,Urban population (% of total),SP.URB.TOTL.IN.ZS,20.964
Somalia,SOM,"GDP per capita, PPP (constant 2011 international $)",NY.GDP.PCAP.PP.KD,..
Somalia,SOM,"Primary completion rate, total (% of relevant age group)",SE.PRM.CMPT.ZS,..
Somalia,SOM,Urban population (% of total),SP.URB.TOTL.IN.ZS,38.153
South Africa,ZAF,"GDP per capita, PPP (constant 2011 international $)",NY.GDP.PCAP.PP.KD,12041.6269552117
South Africa,ZAF,"Primary completion rate, total (% of relevant age group)",SE.PRM.CMPT.ZS,..
South Africa,ZAF,Urban population (% of total),SP.URB.TOTL.IN.ZS,63.272
South Sudan,SSD,"GDP per capita, PPP (constant 2011 international $)",NY.GDP.PCAP.PP.KD,1810.11507271097
South Sudan,SSD,"Primary completion rate, total (% of relevant age group)",SE.PRM.CMPT.ZS,..
South Sudan,SSD,Urban population (% of total),SP.URB.TOTL.IN.ZS,18.2
Spain,ESP,"GDP per capita, PPP (constant 2011 international $)",NY.GDP.PCAP.PP.KD,31911.9602178321
Spain,ESP,"Primary completion rate, total (% of relevant age group)",SE.PRM.CMPT.ZS,102.19454
Spain,ESP,Urban population (% of total),SP.URB.TOTL.IN.ZS,78.902
Sri Lanka,LKA,"GDP per capita, PPP (constant 2011 international $)",NY.GDP.PCAP.PP.KD,8855.50382213737
Sri Lanka,LKA,"Primary completion rate, total (% of relevant age group)",SE.PRM.CMPT.ZS,96.847
Sri Lanka,LKA,Urban population (% of total),SP.URB.TOTL.IN.ZS,18.297
St. Kitts and Nevis,KNA,"GDP per capita, PPP (constant 2011 international $)",NY.GDP.PCAP.PP.KD,20097.6003085836
St. Kitts and Nevis,KNA,"Primary completion rate, total (% of relevant age group)",SE.PRM.CMPT.ZS,92.57322
St. Kitts and Nevis,KNA,Urban population (% of total),SP.URB.TOTL.IN.ZS,31.844
St. Lucia,LCA,"GDP per capita, PPP (constant 2011 international $)",NY.GDP.PCAP.PP.KD,10274.6595513108
St. Lucia,LCA,"Primary completion rate, total (% of relevant age group)",SE.PRM.CMPT.ZS,91.62881
St. Lucia,LCA,Urban population (% of total),SP.URB.TOTL.IN.ZS,18.45
St. Martin (French part),MAF,"GDP per capita, PPP (constant 2011 international $)",NY.GDP.PCAP.PP.KD,..
St. Martin (French part),MAF,"Primary completion rate, total (% of relevant age group)",SE.PRM.CMPT.ZS,..
St. Martin (French part),MAF,Urban population (% of total),SP.URB.TOTL.IN.ZS,..
St. Vincent and the Grenadines,VCT,"GDP per capita, PPP (constant 2011 international $)",NY.GDP.PCAP.PP.KD,9987.8853888381
St. Vincent and the Grenadines,VCT,"Primary completion rate, total (% of relevant age group)",SE.PRM.CMPT.ZS,98.93832
St. Vincent and the Grenadines,VCT,Urban population (% of total),SP.URB.TOTL.IN.ZS,49.495
Sudan,SDN,"GDP per capita, PPP (constant 2011 international $)",NY.GDP.PCAP.PP.KD,3545.11593774644
Sudan,SDN,"Primary completion rate, total (% of relevant age group)",SE.PRM.CMPT.ZS,..
Sudan,SDN,Urban population (% of total),SP.URB.TOTL.IN.ZS,33.315
Suriname,SUR,"GDP per capita, PPP (constant 2011 international $)",NY.GDP.PCAP.PP.KD,15254.3084508762
Suriname,SUR,"Primary completion rate, total (% of relevant age group)",SE.PRM.CMPT.ZS,..
Suriname,SUR,Urban population (% of total),SP.URB.TOTL.IN.ZS,66.208
Swaziland,SWZ,"GDP per capita, PPP (constant 2011 international $)",NY.GDP.PCAP.PP.KD,6390.32969645186
Swaziland,SWZ,"Primary completion rate, total (% of relevant age group)",SE.PRM.CMPT.ZS,..
Swaziland,SWZ,Urban population (% of total),SP.URB.TOTL.IN.ZS,21.374
Sweden,SWE,"GDP per capita, PPP (constant 2011 international $)",NY.GDP.PCAP.PP.KD,43426.8537166983
Sweden,SWE,"Primary completion rate, total (% of relevant age group)",SE.PRM.CMPT.ZS,102.20499
Sweden,SWE,Urban population (% of total),SP.URB.TOTL.IN.ZS,85.363
Switzerland,CHE,"GDP per capita, PPP (constant 2011 international $)",NY.GDP.PCAP.PP.KD,54237.2863678571
Switzerland,CHE,"Primary completion rate, total (% of relevant age group)",SE.PRM.CMPT.ZS,96.81221
Switzerland,CHE,Urban population (% of total),SP.URB.TOTL.IN.ZS,73.739
Syrian Arab Republic,SYR,"GDP per capita, PPP (constant 2011 international $)",NY.GDP.PCAP.PP.KD,..
Syrian Arab Republic,SYR,"Primary completion rate, total (% of relevant age group)",SE.PRM.CMPT.ZS,106.68535
Syrian Arab Republic,SYR,Urban population (% of total),SP.URB.TOTL.IN.ZS,56.459
Tajikistan,TJK,"GDP per capita, PPP (constant 2011 international $)",NY.GDP.PCAP.PP.KD,2320.32712029593
Tajikistan,TJK,"Primary completion rate, total (% of relevant age group)",SE.PRM.CMPT.ZS,97.63118
Tajikistan,TJK,Urban population (% of total),SP.URB.TOTL.IN.ZS,26.568
Tanzania,TZA,"GDP per capita, PPP (constant 2011 international $)",NY.GDP.PCAP.PP.KD,1655.63590850866
Tanzania,TZA,"Primary completion rate, total (% of relevant age group)",SE.PRM.CMPT.ZS,80.75096
Tanzania,TZA,Urban population (% of total),SP.URB.TOTL.IN.ZS,29.493
Thailand,THA,"GDP per capita, PPP (constant 2011 international $)",NY.GDP.PCAP.PP.KD,13736.222276954
Thailand,THA,"Primary completion rate, total (% of relevant age group)",SE.PRM.CMPT.ZS,..
Thailand,THA,Urban population (% of total),SP.URB.TOTL.IN.ZS,46.682
Timor-Leste,TMP,"GDP per capita, PPP (constant 2011 international $)",NY.GDP.PCAP.PP.KD,2039.73507491863
Timor-Leste,TMP,"Primary completion rate, total (% of relevant age group)",SE.PRM.CMPT.ZS,..
Timor-Leste,TMP,Urban population (% of total),SP.URB.TOTL.IN.ZS,30.832
Togo,TGO,"GDP per capita, PPP (constant 2011 international $)",NY.GDP.PCAP.PP.KD,1313.93678772896
Togo,TGO,"Primary completion rate, total (% of relevant age group)",SE.PRM.CMPT.ZS,77.38237
Togo,TGO,Urban population (% of total),SP.URB.TOTL.IN.ZS,38.493
Tonga,TON,"GDP per capita, PPP (constant 2011 international $)",NY.GDP.PCAP.PP.KD,5127.11017584526
Tonga,TON,"Primary completion rate, total (% of relevant age group)",SE.PRM.CMPT.ZS,98.63281
Tonga,TON,Urban population (% of total),SP.URB.TOTL.IN.ZS,23.498
Trinidad and Tobago,TTO,"GDP per capita, PPP (constant 2011 international $)",NY.GDP.PCAP.PP.KD,29085.7534451981
Trinidad and Tobago,TTO,"Primary completion rate, total (% of relevant age group)",SE.PRM.CMPT.ZS,..
Trinidad and Tobago,TTO,Urban population (% of total),SP.URB.TOTL.IN.ZS,8.795
Tunisia,TUN,"GDP per capita, PPP (constant 2011 international $)",NY.GDP.PCAP.PP.KD,10609.0515955737
Tunisia,TUN,"Primary completion rate, total (% of relevant age group)",SE.PRM.CMPT.ZS,..
Tunisia,TUN,Urban population (% of total),SP.URB.TOTL.IN.ZS,66.274
Turkey,TUR,"GDP per capita, PPP (constant 2011 international $)",NY.GDP.PCAP.PP.KD,18147.6020187857
Turkey,TUR,"Primary completion rate, total (% of relevant age group)",SE.PRM.CMPT.ZS,101.3646
Turkey,TUR,Urban population (% of total),SP.URB.TOTL.IN.ZS,71.834
Turkmenistan,TKM,"GDP per capita, PPP (constant 2011 international $)",NY.GDP.PCAP.PP.KD,12460.057714046
Turkmenistan,TKM,"Primary completion rate, total (% of relevant age group)",SE.PRM.CMPT.ZS,..
Turkmenistan,TKM,Urban population (% of total),SP.URB.TOTL.IN.ZS,49.023
Turks and Caicos Islands,TCA,"GDP per capita, PPP (constant 2011 international $)",NY.GDP.PCAP.PP.KD,..
Turks and Caicos Islands,TCA,"Primary completion rate, total (% of relevant age group)",SE.PRM.CMPT.ZS,..
Turks and Caicos Islands,TCA,Urban population (% of total),SP.URB.TOTL.IN.ZS,91.09
Tuvalu,TUV,"GDP per capita, PPP (constant 2011 international $)",NY.GDP.PCAP.PP.KD,3488.6635737431
Tuvalu,TUV,"Primary completion rate, total (% of relevant age group)",SE.PRM.CMPT.ZS,..
Tuvalu,TUV,Urban population (% of total),SP.URB.TOTL.IN.ZS,56.815
Uganda,UGA,"GDP per capita, PPP (constant 2011 international $)",NY.GDP.PCAP.PP.KD,1334.13916983155
Uganda,UGA,"Primary completion rate, total (% of relevant age group)",SE.PRM.CMPT.ZS,..
Uganda,UGA,Urban population (% of total),SP.URB.TOTL.IN.ZS,15.115
Ukraine,UKR,"GDP per capita, PPP (constant 2011 international $)",NY.GDP.PCAP.PP.KD,8332.3231989736
Ukraine,UKR,"Primary completion rate, total (% of relevant age group)",SE.PRM.CMPT.ZS,102.78248
Ukraine,UKR,Urban population (% of total),SP.URB.TOTL.IN.ZS,69.072
United Arab Emirates,ARE,"GDP per capita, PPP (constant 2011 international $)",NY.GDP.PCAP.PP.KD,57044.5776548759
United Arab Emirates,ARE,"Primary completion rate, total (% of relevant age group)",SE.PRM.CMPT.ZS,110.62501
United Arab Emirates,ARE,Urban population (% of total),SP.URB.TOTL.IN.ZS,84.684
United Kingdom,GBR,"GDP per capita, PPP (constant 2011 international $)",NY.GDP.PCAP.PP.KD,36617.2039727055
United Kingdom,GBR,"Primary completion rate, total (% of relevant age group)",SE.PRM.CMPT.ZS,..
United Kingdom,GBR,Urban population (% of total),SP.URB.TOTL.IN.ZS,81.834
United States,USA,"GDP per capita, PPP (constant 2011 international $)",NY.GDP.PCAP.PP.KD,50585.6609964862
United States,USA,"Primary completion rate, total (% of relevant age group)",SE.PRM.CMPT.ZS,97.86642
United States,USA,Urban population (% of total),SP.URB.TOTL.IN.ZS,81.108
Uruguay,URY,"GDP per capita, PPP (constant 2011 international $)",NY.GDP.PCAP.PP.KD,18230.269879393
Uruguay,URY,"Primary completion rate, total (% of relevant age group)",SE.PRM.CMPT.ZS,..
Uruguay,URY,Urban population (% of total),SP.URB.TOTL.IN.ZS,94.803
Uzbekistan,UZB,"GDP per capita, PPP (constant 2011 international $)",NY.GDP.PCAP.PP.KD,4704.52943466296
Uzbekistan,UZB,"Primary completion rate, total (% of relevant age group)",SE.PRM.CMPT.ZS,..
Uzbekistan,UZB,Urban population (% of total),SP.URB.TOTL.IN.ZS,36.182
Vanuatu,VUT,"GDP per capita, PPP (constant 2011 international $)",NY.GDP.PCAP.PP.KD,2902.23067442628
Vanuatu,VUT,"Primary completion rate, total (% of relevant age group)",SE.PRM.CMPT.ZS,..
Vanuatu,VUT,Urban population (% of total),SP.URB.TOTL.IN.ZS,25.2
"Venezuela, RB",VEN,"GDP per capita, PPP (constant 2011 international $)",NY.GDP.PCAP.PP.KD,17642.4482516942
"Venezuela, RB",VEN,"Primary completion rate, total (% of relevant age group)",SE.PRM.CMPT.ZS,96.03973
"Venezuela, RB",VEN,Urban population (% of total),SP.URB.TOTL.IN.ZS,88.851
Vietnam,VNM,"GDP per capita, PPP (constant 2011 international $)",NY.GDP.PCAP.PP.KD,4912.32220596109
Vietnam,VNM,"Primary completion rate, total (% of relevant age group)",SE.PRM.CMPT.ZS,101.23559
Vietnam,VNM,Urban population (% of total),SP.URB.TOTL.IN.ZS,31.668
Virgin Islands (U.S.),VIR,"GDP per capita, PPP (constant 2011 international $)",NY.GDP.PCAP.PP.KD,..
Virgin Islands (U.S.),VIR,"Primary completion rate, total (% of relevant age group)",SE.PRM.CMPT.ZS,..
Virgin Islands (U.S.),VIR,Urban population (% of total),SP.URB.TOTL.IN.ZS,94.916
West Bank and Gaza,WBG,"GDP per capita, PPP (constant 2011 international $)",NY.GDP.PCAP.PP.KD,4834.40491789323
West Bank and Gaza,WBG,"Primary completion rate, total (% of relevant age group)",SE.PRM.CMPT.ZS,90.15915
West Bank and Gaza,WBG,Urban population (% of total),SP.URB.TOTL.IN.ZS,74.577
"Yemen, Rep.",YEM,"GDP per capita, PPP (constant 2011 international $)",NY.GDP.PCAP.PP.KD,3764.98835833029
"Yemen, Rep.",YEM,"Primary completion rate, total (% of relevant age group)",SE.PRM.CMPT.ZS,69.82178
"Yemen, Rep.",YEM,Urban population (% of total),SP.URB.TOTL.IN.ZS,32.874
Zambia,ZMB,"GDP per capita, PPP (constant 2011 international $)",NY.GDP.PCAP.PP.KD,3677.76718811813
Zambia,ZMB,"Primary completion rate, total (% of relevant age group)",SE.PRM.CMPT.ZS,91.2957
Zambia,ZMB,Urban population (% of total),SP.URB.TOTL.IN.ZS,39.587
Zimbabwe,ZWE,"GDP per capita, PPP (constant 2011 international $)",NY.GDP.PCAP.PP.KD,1749.80705208175
Zimbabwe,ZWE,"Primary completion rate, total (% of relevant age group)",SE.PRM.CMPT.ZS,..
Zimbabwe,ZWE,Urban population (% of total),SP.URB.TOTL.IN.ZS,32.834
,,,,
,,,,
,,,,
Data from database: World Development Indicators,,,,
Last Updated: 01/30/2015,,,,
